{
  "providers": {
    "awscloudformation": {
      "AuthRoleName": "amplify-uitestappsync-dev-184717-authRole",
      "UnauthRoleArn": "arn:aws:iam::747016795213:role/amplify-uitestappsync-dev-184717-unauthRole",
      "AuthRoleArn": "arn:aws:iam::747016795213:role/amplify-uitestappsync-dev-184717-authRole",
      "Region": "us-east-1",
      "DeploymentBucketName": "amplify-uitestappsync-dev-184717-deployment",
      "UnauthRoleName": "amplify-uitestappsync-dev-184717-unauthRole",
      "StackName": "amplify-uitestappsync-dev-184717",
      "StackId": "arn:aws:cloudformation:us-east-1:747016795213:stack/amplify-uitestappsync-dev-184717/1518ed10-3258-11ee-ba38-0a4b79b59a17",
      "AmplifyAppId": "d3bxewcm56l9hb"
    }
  },
  "auth": {
    "uitestappsyncefd720e6": {
      "service": "Cognito",
      "providerPlugin": "awscloudformation",
      "dependsOn": [],
      "customAuth": false,
      "frontendAuthConfig": {
        "socialProviders": [],
        "usernameAttributes": [
          "EMAIL"
        ],
        "signupAttributes": [
          "EMAIL"
        ],
        "passwordProtectionSettings": {
          "passwordPolicyMinLength": 8,
          "passwordPolicyCharacters": []
        },
        "mfaConfiguration": "OFF",
        "mfaTypes": [
          "SMS"
        ],
        "verificationMechanisms": [
          "EMAIL"
        ]
      },
      "providerMetadata": {
        "s3TemplateURL": "https://s3.amazonaws.com/amplify-uitestappsync-dev-184717-deployment/amplify-cfn-templates/auth/uitestappsyncefd720e6-cloudformation-template.json",
        "logicalId": "authuitestappsyncefd720e6"
      },
      "lastPushTimeStamp": "2023-08-04T00:08:32.615Z",
      "output": {
        "UserPoolId": "us-east-1_WspSFv2Tz",
        "AppClientIDWeb": "29v2es8q4uv46q5n4f75ocgsek",
        "AppClientID": "482neour0kg7t7k6eufcol2ngg",
        "IdentityPoolId": "us-east-1:481ea4c7-2079-4c69-9a45-79ac2a6d2ce6",
        "UserPoolArn": "arn:aws:cognito-idp:us-east-1:747016795213:userpool/us-east-1_WspSFv2Tz",
        "IdentityPoolName": "uitestappsyncefd720e6_identitypool_efd720e6__dev",
        "UserPoolName": "uitestappsyncefd720e6_userpool_efd720e6"
      },
      "lastPushDirHash": "OC1uuYF1nNGCNhey4KNIxqJazIU="
    }
  }
}